ASDSOVRL	NOBOOKY2
1	1.5
2	0.3333333333333333
3	0.4094488188976378
4	0.39712918660287083
5	0.39
