Behavior,AvgCIG30USE
Stole $50+,55.19402985074627
Sold Drugs,43.18434343434343
Attacked Someone,70.62579422012708
Jail Treatment,38.08
