Behavior,AvgCIG30USE
Stole $50+,54.10958904109589
Sold Drugs,43.08275862068965
Attacked Someone,66.55335944561615
Jail Treatment,40.348837209302324
